turbulence_intensity,wind_speed,wind_direction
0.12,5.8452152396831,265
0.12,5.88522697878972,260
0.12,6.02526806566291,255
0.12,6.08528567432285,250
0.12,6.14530328298279,246.483666666667
0.12,6.18531502208941,248.583666666667
0.12,6.34536197851591,249.183666666667
0.12,6.3253561089626,251.383666666667
0.12,6.10529154387616,250.983666666667
0.12,6.10529154387616,251.783666666667
0.12,6.10529154387616,249.683666666667
0.12,6.20532089164272,250.583666666667
0.12,6.0052621961096,250.983666666667
0.12,6.02526806566291,251.383666666667
0.12,6.28534436985598,250.283666666667
0.12,6.24533263074935,252.983666666667
0.12,6.20532089164272,255.883666666667
0.12,6.3253561089626,256.183666666667
0.12,6.3253561089626,253.483666666667
0.12,6.42538545672916,258.483666666667
0.12,6.38537371762254,255.083666666667
0.12,6.3253561089626,253.083666666667
0.12,6.3253561089626,255.283666666667
0.12,6.36536784806923,255.583666666667
0.12,6.26533850030266,256.283666666667
0.12,6.38537371762254,259.783666666667
0.12,6.52541480449573,258.583666666667
0.12,6.46539719583579,257.783666666667
0.12,6.6454500218156,254.783666666667
0.12,6.72547350002885,259.783666666667
0.12,6.46539719583579,260.883666666667
0.12,6.44539132628248,265.883666666667
0.12,6.36536784806923,266.683666666667
0.12,6.18531502208941,266.583666666667
0.12,6.44539132628248,263.183666666667
0.12,6.44539132628248,263.783666666667
0.12,6.38537371762254,262.183666666667
0.12,6.50540893494241,262.683666666667
0.12,6.36536784806923,261.783666666667
0.12,6.40537958717585,263.283666666667
0.12,6.44539132628248,266.383666666667
0.12,6.56542654360235,266.483666666667
0.12,6.44539132628248,266.883666666667
0.12,6.42538545672916,266.483666666667
0.12,6.44539132628248,264.783666666667
0.12,6.44539132628248,263.183666666667
0.12,6.36536784806923,262.683666666667
0.12,6.28534436985598,262.683666666667
0.12,6.50540893494241,266.383666666667
0.12,6.40537958717585,269.183666666667
0.12,6.30535023940929,265.983666666667
0.12,6.28534436985598,263.083666666667
0.12,6.26533850030266,263.883666666667
0.12,6.30535023940929,261.683666666667
0.12,6.38537371762254,265.083666666667
0.12,6.50540893494241,266.783666666667
0.12,6.20532089164272,265.383666666667
0.12,6.38537371762254,262.483666666667
0.12,6.42538545672916,266.183666666667
0.12,6.36536784806923,268.683666666667
0.12,6.24533263074935,269.483666666667
0.12,6.20532089164272,266.283666666667
0.12,6.26533850030266,264.083666666667
0.12,6.22532676119604,266.483666666667
0.12,6.30535023940929,269.383666666667
0.12,6.28534436985598,273.683666666667
0.12,6.1653091525361,269.183666666667
0.12,6.28534436985598,270.283666666667
0.12,6.20532089164272,268.683666666667
0.12,6.06527980476954,265.883666666667
0.12,6.06527980476954,267.183666666667
0.12,6.08528567432285,270.983666666667
0.12,6.14530328298279,266.783666666667
0.12,6.30535023940929,270.283666666667
0.12,6.28534436985598,269.083666666667
0.12,6.14530328298279,269.683666666667
0.12,6.06527980476954,272.083666666667
0.12,6.18531502208941,271.583666666667
0.12,6.14530328298279,271.783666666667
0.12,5.96525045700297,268.483666666667
0.12,6.0052621961096,270.183666666667
0.12,5.94524458744966,267.883666666667
0.12,6.1653091525361,266.983666666667
0.12,6.12529741342947,264.783666666667
0.12,6.12529741342947,263.783666666667
0.12,6.24533263074935,263.483666666667
0.12,6.20532089164272,268.283666666667
0.12,6.26533850030266,263.283666666667
0.12,6.3253561089626,264.783666666667
0.12,6.10529154387616,263.083666666667
0.12,6.24533263074935,264.183666666667
0.12,6.28534436985598,264.983666666667
0.12,6.20532089164272,265.983666666667
0.12,6.14530328298279,264.483666666667
0.12,6.10529154387616,265.983666666667
0.12,5.94524458744966,261.183666666667
0.12,6.24533263074935,262.283666666667
0.12,6.34536197851591,263.583666666667
0.12,6.30535023940929,264.183666666667
0.12,6.18531502208941,264.983666666667
0.12,6.1653091525361,264.783666666667
0.12,6.22532676119604,265.183666666667
0.12,6.36536784806923,269.283666666667
0.12,6.18531502208941,268.283666666667
0.12,6.20532089164272,270.683666666667
0.12,6.10529154387616,269.383666666667
0.12,6.18531502208941,266.283666666667
0.12,6.26533850030266,269.983666666667
0.12,6.1653091525361,267.183666666667
0.12,6.10529154387616,266.283666666667
0.12,6.3253561089626,266.783666666667
0.12,6.34536197851591,267.183666666667
0.12,6.26533850030266,269.783666666667
0.12,6.28534436985598,273.583666666667
0.12,6.24533263074935,272.083666666667
0.12,6.20532089164272,267.083666666667
0.12,6.22532676119604,267.683666666667
0.12,6.0052621961096,268.183666666667
0.12,6.12529741342947,268.983666666667
0.12,6.1653091525361,269.083666666667
0.12,5.92523871789635,266.083666666667
0.12,6.04527393521622,266.783666666667
0.12,6.10529154387616,266.483666666667
0.12,6.06527980476954,266.883666666667
0.12,6.20532089164272,267.183666666667
0.12,6.22532676119604,263.083666666667
0.12,6.04527393521622,267.083666666667
0.12,6.06527980476954,270.983666666667
0.12,5.98525632655628,266.783666666667
0.12,6.1653091525361,268.983666666667
0.12,6.18531502208941,268.283666666667
0.12,6.18531502208941,271.983666666667
0.12,6.06527980476954,273.283666666667
0.12,6.08528567432285,277.583666666667
0.12,6.1653091525361,272.983666666667
0.12,6.06527980476954,268.583666666667
0.12,6.0052621961096,267.983666666667
0.12,5.90523284834303,268.883666666667
0.12,6.0052621961096,269.383666666667
0.12,6.06527980476954,268.383666666667
0.12,5.98525632655628,263.383666666667
0.12,6.12529741342947,259.283666666667
0.12,6.14530328298279,258.683666666667
0.12,6.24533263074935,260.883666666667
0.12,6.18531502208941,263.683666666667
0.12,6.14530328298279,263.383666666667
0.12,6.04527393521622,264.383666666667
0.12,5.96525045700297,265.983666666667
0.12,5.86522110923641,267.783666666667
0.12,5.94524458744966,267.683666666667
0.12,6.08528567432285,266.883666666667
0.12,6.14530328298279,265.183666666667
0.12,6.12529741342947,265.783666666667
0.12,6.0052621961096,266.083666666667
0.12,6.04527393521622,266.683666666667
0.12,6.24533263074935,262.383666666667
0.12,6.36536784806923,264.283666666667
0.12,6.22532676119604,268.283666666667
0.12,6.20532089164272,272.283666666667
0.12,6.28534436985598,270.983666666667
0.12,6.18531502208941,270.183666666667
0.12,6.18531502208941,270.483666666667
0.12,6.22532676119604,272.283666666667
0.12,6.20532089164272,272.983666666667
0.12,6.02526806566291,272.683666666667
0.12,6.14530328298279,274.283666666667
0.12,6.12529741342947,273.583666666667
0.12,6.12529741342947,274.483666666667
0.12,6.14530328298279,274.683666666667
0.12,6.22532676119604,273.683666666667
0.12,6.20532089164272,273.483666666667
0.12,6.18531502208941,273.883666666667
0.12,6.20532089164272,272.883666666667
0.12,6.12529741342947,272.083666666667
0.12,6.22532676119604,268.883666666667
0.12,6.10529154387616,268.383666666667
0.12,6.1653091525361,269.183666666667
0.12,6.18531502208941,270.083666666667
0.12,6.20532089164272,270.383666666667
0.12,6.18531502208941,270.683666666667
0.12,6.04527393521622,271.183666666667
0.12,6.06527980476954,269.583666666667
0.12,6.04527393521622,268.083666666667
0.12,6.12529741342947,269.583666666667
0.12,6.08528567432285,266.383666666667
0.12,6.1653091525361,265.883666666667
0.12,6.08528567432285,267.483666666667
0.12,6.12529741342947,265.883666666667
0.12,6.14530328298279,270.583666666667
0.12,6.06527980476954,269.283666666667
0.12,6.02526806566291,269.883666666667
0.12,5.98525632655628,269.283666666667
0.12,6.08528567432285,271.583666666667
0.12,5.98525632655628,271.183666666667
0.12,5.98525632655628,271.483666666667
0.12,6.02526806566291,270.483666666667
0.12,5.96525045700297,269.583666666667
0.12,6.08528567432285,266.083666666667
0.12,6.08528567432285,262.583666666667
0.12,6.14530328298279,260.683666666667
0.12,6.10529154387616,257.883666666667
0.12,6.26533850030266,262.883666666667
0.12,6.18531502208941,262.983666666667
0.12,6.08528567432285,266.183666666667
0.12,6.04527393521622,265.083666666667
0.12,6.06527980476954,265.883666666667
0.12,5.96525045700297,266.783666666667
0.12,5.96525045700297,268.783666666667
0.12,5.94524458744966,268.383666666667
0.12,5.86522110923641,264.383666666667
0.12,5.98525632655628,262.483666666667
0.12,6.04527393521622,263.183666666667
0.12,5.96525045700297,266.183666666667
0.12,6.10529154387616,263.483666666667
0.12,6.12529741342947,268.483666666667
0.12,5.98525632655628,272.583666666667
0.12,6.08528567432285,275.283666666667
0.12,6.14530328298279,275.783666666667
0.12,6.10529154387616,275.083666666667
0.12,6.10529154387616,276.183666666667
0.12,6.08528567432285,274.183666666667
0.12,6.20532089164272,273.183666666667
0.12,6.18531502208941,276.883666666667
0.12,6.18531502208941,281.883666666667
0.12,6.20532089164272,282.183666666667
0.12,6.26533850030266,279.183666666667
0.12,6.26533850030266,277.883666666667
0.12,6.24533263074935,276.283666666667
0.12,6.28534436985598,280.383666666667
0.12,6.18531502208941,284.283666666667
0.12,6.10529154387616,286.983666666667
0.12,6.18531502208941,288.483666666667
0.12,6.06527980476954,284.483666666667
0.12,6.06527980476954,283.283666666667
0.12,6.02526806566291,282.983666666667
0.12,5.96525045700297,283.583666666667
0.12,6.04527393521622,282.483666666667
0.12,6.14530328298279,282.383666666667
0.12,6.1653091525361,282.083666666667
0.12,6.26533850030266,284.483666666667
0.12,6.08528567432285,283.983666666667
0.12,6.06527980476954,285.683666666667
0.12,6.04527393521622,287.983666666667
0.12,6.06527980476954,289.283666666667
0.12,6.10529154387616,286.983666666667
0.12,6.08528567432285,284.083666666667
0.12,5.86522110923641,284.183666666667
0.12,5.86522110923641,281.283666666667
0.12,6.02526806566291,279.883666666667
0.12,6.08528567432285,277.383666666667
0.12,6.02526806566291,277.183666666667
0.12,6.12529741342947,273.883666666667
0.12,6.08528567432285,273.083666666667
0.12,6.10529154387616,273.083666666667
0.12,6.10529154387616,273.783666666667
0.12,6.02526806566291,272.783666666667
0.12,6.18531502208941,277.783666666667
0.12,6.18531502208941,278.883666666667
0.12,6.20532089164272,280.683666666667
0.12,6.1653091525361,281.883666666667
0.12,6.18531502208941,284.083666666667
0.12,6.1653091525361,282.283666666667
0.12,6.12529741342947,282.283666666667
0.12,6.14530328298279,279.183666666667
0.12,6.20532089164272,278.783666666667
0.12,6.12529741342947,280.583666666667
0.12,6.04527393521622,283.883666666667
0.12,6.10529154387616,279.483666666667
0.12,6.12529741342947,282.783666666667
0.12,5.98525632655628,283.283666666667
0.12,6.02526806566291,285.283666666667
0.12,6.04527393521622,282.183666666667
0.12,6.12529741342947,280.283666666667
0.12,6.10529154387616,277.483666666667
0.12,6.1653091525361,282.483666666667
0.12,6.06527980476954,281.883666666667
0.12,6.10529154387616,282.383666666667
0.12,6.02526806566291,281.583666666667
0.12,5.96525045700297,277.383666666667
0.12,6.04527393521622,279.383666666667
0.12,6.06527980476954,279.983666666667
0.12,6.0052621961096,284.383666666667
0.12,6.02526806566291,283.483666666667
0.12,6.04527393521622,282.683666666667
0.12,6.04527393521622,284.883666666667
0.12,5.94524458744966,283.283666666667
0.12,5.92523871789635,285.383666666667
0.12,5.86522110923641,285.183666666667
0.12,5.90523284834303,286.483666666667
0.12,6.0052621961096,288.983666666667
0.12,5.96525045700297,289.483666666667
0.12,5.98525632655628,292.483666666667
0.12,5.94524458744966,290.883666666667
0.12,5.92523871789635,287.483666666667
0.12,5.88522697878972,286.983666666667
0.12,5.8452152396831,284.883666666667
0.12,5.8452152396831,287.583666666667
0.12,5.78519763102316,285.883666666667
0.12,5.80520350057647,290.283666666667
0.12,5.8452152396831,294.683666666667
0.12,5.54512719638341,272.626666666667
0.12,5.60514480504334,275.426666666667
0.12,5.60514480504334,275.926666666667
0.12,5.64515654414997,277.226666666667
0.12,5.64515654414997,276.626666666667
0.12,5.64515654414997,275.426666666667
0.12,5.64515654414997,274.926666666667
0.12,5.64515654414997,275.626666666667
0.12,5.64515654414997,277.126666666667
0.12,5.66516241370328,279.526666666667
0.12,5.66516241370328,279.826666666667
0.12,5.6851682832566,279.526666666667
0.12,5.70517415280991,279.626666666667
0.12,5.6851682832566,279.826666666667
0.12,5.70517415280991,280.426666666667
0.12,5.66516241370328,281.526666666667
0.12,5.64515654414997,282.326666666667
0.12,5.58513893549003,286.226666666667
0.12,5.60514480504334,291.226666666667
0.12,5.64515654414997,292.326666666667
0.12,5.54512719638341,292.126666666667
0.12,5.60514480504334,292.826666666667
0.12,5.64515654414997,291.626666666667
0.12,5.62515067459666,292.926666666667
0.12,5.52512132683009,294.726666666667
0.12,5.50511545727678,296.926666666667
0.12,5.58513893549003,297.026666666667
0.12,5.56513306593672,298.226666666667
0.12,5.50511545727678,301.226666666667
0.12,5.66516241370328,296.226666666667
0.12,5.56513306593672,295.226666666667
0.12,5.56513306593672,294.526666666667
0.12,5.60514480504334,291.826666666667
0.12,5.60514480504334,289.326666666667
0.12,5.58513893549003,293.026666666667
0.12,5.54512719638341,289.126666666667
0.12,5.52512132683009,288.326666666667
0.12,5.58513893549003,289.426666666667
0.12,5.52512132683009,288.026666666667
0.12,5.60514480504334,286.626666666667
0.12,5.58513893549003,289.126666666667
0.12,5.54512719638341,288.426666666667
0.12,5.52512132683009,291.526666666667
0.12,5.56513306593672,288.226666666667
0.12,5.54512719638341,287.426666666667
0.12,5.52512132683009,287.326666666667
0.12,5.56513306593672,287.826666666667
0.12,5.58513893549003,282.826666666667
0.12,5.54512719638341,277.826666666667
0.12,5.56513306593672,279.526666666667
0.12,5.56513306593672,278.026666666667
0.12,5.54512719638341,279.126666666667
0.12,5.56513306593672,279.226666666667
0.12,5.58513893549003,280.026666666667
0.12,5.60514480504334,277.726666666667
0.12,5.62515067459666,278.726666666667
0.12,5.62515067459666,279.526666666667
0.12,5.62515067459666,280.126666666667
0.12,5.58513893549003,284.526666666667
0.12,5.56513306593672,287.726666666667
0.12,5.52512132683009,289.726666666667
0.12,5.52512132683009,290.426666666667
0.12,5.58513893549003,288.326666666667
0.12,5.52512132683009,289.926666666667
0.12,5.56513306593672,290.626666666667
0.12,5.54512719638341,291.126666666667
0.12,5.54512719638341,292.026666666667
0.12,5.54512719638341,294.326666666667
0.12,5.50511545727678,297.626666666667
0.12,5.42509197906353,301.026666666667
0.12,5.50511545727678,296.026666666667
0.12,5.44509784861684,301.026666666667
0.12,5.48510958772347,296.126666666667
0.12,5.42509197906353,301.126666666667
0.12,5.50511545727678,296.126666666667
0.12,5.48510958772347,291.126666666667
0.12,5.36507437040359,296.126666666667
0.12,5.44509784861684,293.726666666667
0.12,5.46510371817016,293.026666666667
0.12,5.50511545727678,292.826666666667
0.12,5.42509197906353,287.826666666667
0.12,5.48510958772347,287.826666666667
0.12,5.50511545727678,290.426666666667
0.12,5.44509784861684,295.426666666667
0.12,5.48510958772347,290.426666666667
0.12,5.44509784861684,294.126666666667
0.12,5.52512132683009,290.426666666667
0.12,5.48510958772347,292.526666666667
0.12,5.46510371817016,289.926666666667
0.12,5.52512132683009,289.026666666667
0.12,5.42509197906353,290.526666666667
0.12,5.46510371817016,295.526666666667
0.12,5.42509197906353,295.226666666667
0.12,5.44509784861684,293.326666666667
0.12,5.42509197906353,296.326666666667
0.12,5.3850802399569,291.726666666667
0.12,5.3850802399569,288.826666666667
0.12,5.44509784861684,288.226666666667
0.12,5.36507437040359,288.426666666667
0.12,5.40508610951022,285.326666666667
0.12,5.46510371817016,287.526666666667
0.12,5.48510958772347,285.226666666667
0.12,5.48510958772347,288.126666666667
0.12,5.3850802399569,286.826666666667
0.12,5.42509197906353,281.826666666667
0.12,5.46510371817016,279.526666666667
0.12,5.48510958772347,279.126666666667
0.12,5.50511545727678,277.126666666667
0.12,5.48510958772347,274.526666666667
0.12,5.46510371817016,274.126666666667
0.12,5.48510958772347,271.526666666667
0.12,5.50511545727678,266.526666666667
0.12,5.52512132683009,266.226666666667
0.12,5.52512132683009,268.226666666667
0.12,5.50511545727678,269.426666666667
0.12,5.52512132683009,267.526666666667
0.12,5.56513306593672,266.526666666667
0.12,5.54512719638341,264.826666666667
0.12,5.54512719638341,261.426666666667
0.12,5.56513306593672,260.426666666667
0.12,5.56513306593672,258.426666666667
0.12,5.60514480504334,258.226666666667
0.12,5.62515067459666,256.726666666667
0.12,5.62515067459666,257.926666666667
0.12,5.62515067459666,258.626666666667
0.12,5.62515067459666,258.726666666667
0.12,5.60514480504334,259.126666666667
0.12,5.60514480504334,258.926666666667
0.12,5.60514480504334,258.426666666667
0.12,5.60514480504334,257.026666666667
0.12,5.60514480504334,257.226666666667
0.12,5.60514480504334,257.526666666667
0.12,5.60514480504334,257.426666666667
0.12,5.62515067459666,257.326666666667
0.12,5.60514480504334,258.026666666667
0.12,5.58513893549003,258.826666666667
0.12,5.60514480504334,259.026666666667
0.12,5.58513893549003,258.626666666667
0.12,5.62515067459666,258.526666666667
0.12,5.60514480504334,259.126666666667
0.12,5.60514480504334,258.926666666667
0.12,5.60514480504334,258.826666666667
0.12,5.60514480504334,259.026666666667
0.12,5.60514480504334,259.326666666667
0.12,5.54512719638341,254.326666666667
0.12,5.56513306593672,249.326666666667
0.12,5.62515067459666,247.426666666667
0.12,5.60514480504334,247.326666666667
0.12,5.64515654414997,246.726666666667
0.12,5.60514480504334,250.026666666667
0.12,5.58513893549003,251.526666666667
0.12,5.58513893549003,253.726666666667
0.12,5.64515654414997,254.926666666667
0.12,5.6851682832566,256.226666666667
0.12,5.72518002236322,254.826666666667
0.12,5.6851682832566,255.126666666667
0.12,5.60514480504334,253.926666666667
0.12,5.62515067459666,256.426666666667
0.12,5.76519176146985,257.326666666667
0.12,5.74518589191653,256.126666666667
0.12,5.78519763102316,256.826666666667
0.12,5.8452152396831,256.526666666667
0.12,5.78519763102316,257.126666666667
0.12,5.8452152396831,255.626666666667
0.12,5.78519763102316,254.526666666667
0.12,5.80520350057647,254.726666666667
0.12,5.80520350057647,256.526666666667
0.12,5.92523871789635,257.226666666667
0.12,5.92523871789635,258.126666666667
0.12,5.92523871789635,260.326666666667
0.12,5.96525045700297,259.326666666667
0.12,5.96525045700297,261.226666666667
0.12,5.96525045700297,259.526666666667
0.12,5.92523871789635,258.926666666667
0.12,6.0052621961096,260.026666666667
0.12,5.96525045700297,259.226666666667
0.12,5.92523871789635,257.126666666667
0.12,5.92523871789635,252.126666666667
0.12,5.88522697878972,251.226666666667
0.12,5.80520350057647,247.726666666667
0.12,5.70517415280991,246.626666666667
0.12,5.78519763102316,246.526666666667
0.12,5.82520937012978,248.126666666667
0.12,5.88522697878972,247.726666666667
0.12,5.86522110923641,246.026666666667
0.12,5.90523284834303,246.526666666667
0.12,5.88522697878972,246.226666666667
0.12,5.74518589191653,249.726666666667
0.12,5.70517415280991,250.926666666667
0.12,5.64515654414997,247.626666666667
0.12,5.66516241370328,248.126666666667
0.12,5.78519763102316,248.726666666667
0.12,5.80520350057647,248.026666666667
0.12,5.78519763102316,245.326666666667
0.12,5.82520937012978,246.626666666667
0.12,5.82520937012978,246.926666666667
0.12,5.82520937012978,247.826666666667
0.12,5.74518589191653,249.226666666667
0.12,5.78519763102316,254.226666666667
0.12,5.82520937012978,259.226666666667
0.12,5.8452152396831,257.826666666667
0.12,5.80520350057647,252.826666666667
0.12,5.80520350057647,253.326666666667
0.12,5.82520937012978,256.526666666667
0.12,5.94524458744966,258.926666666667
0.12,5.86522110923641,263.026666666667
0.12,5.82520937012978,264.626666666667
0.12,5.88522697878972,262.126666666667
0.12,5.96525045700297,260.626666666667
0.12,5.90523284834303,259.126666666667
0.12,5.88522697878972,258.226666666667
0.12,5.90523284834303,257.426666666667
0.12,5.88522697878972,257.026666666667
0.12,5.86522110923641,256.126666666667
0.12,5.90523284834303,259.826666666667
0.12,5.90523284834303,258.926666666667
0.12,5.90523284834303,260.426666666667
0.12,5.86522110923641,261.726666666667
0.12,5.80520350057647,263.626666666667
0.12,5.80520350057647,263.226666666667
0.12,5.92523871789635,262.526666666667
0.12,5.88522697878972,261.226666666667
0.12,5.8452152396831,263.926666666667
0.12,5.78519763102316,263.826666666667
0.12,5.86522110923641,264.826666666667
0.12,5.80520350057647,266.726666666667
0.12,5.86522110923641,266.326666666667
0.12,5.78519763102316,268.226666666667
0.12,5.82520937012978,266.126666666667
0.12,5.86522110923641,266.726666666667
0.12,5.8452152396831,267.026666666667
0.12,5.8452152396831,264.026666666667
0.12,5.88522697878972,265.326666666667
0.12,5.92523871789635,264.526666666667
0.12,5.86522110923641,265.526666666667
0.12,5.88522697878972,267.226666666667
0.12,5.88522697878972,267.026666666667
0.12,5.82520937012978,264.926666666667
0.12,5.86522110923641,264.526666666667
0.12,5.90523284834303,265.826666666667
0.12,5.82520937012978,268.226666666667
0.12,5.80520350057647,267.626666666667
0.12,5.82520937012978,266.826666666667
0.12,5.80520350057647,265.626666666667
0.12,5.72518002236322,270.626666666667
0.12,5.76519176146985,274.126666666667
0.12,5.72518002236322,273.526666666667
0.12,5.72518002236322,278.526666666667
0.12,5.74518589191653,280.626666666667
0.12,5.76519176146985,277.626666666667
0.12,5.76519176146985,279.926666666667
0.12,5.74518589191653,279.926666666667
0.12,5.78519763102316,278.126666666667
0.12,5.76519176146985,276.626666666667
0.12,5.78519763102316,274.526666666667
0.12,5.80520350057647,271.926666666667
0.12,5.80520350057647,274.126666666667
0.12,5.86522110923641,272.526666666667
0.12,5.78519763102316,271.026666666667
0.12,5.76519176146985,269.126666666667
0.12,5.74518589191653,270.126666666667
0.12,5.74518589191653,265.126666666667
0.12,5.82520937012978,264.726666666667
0.12,5.86522110923641,264.126666666667
0.12,5.8452152396831,262.726666666667
0.12,5.8452152396831,261.926666666667
0.12,5.8452152396831,261.326666666667
0.12,5.88522697878972,257.626666666667
0.12,5.86522110923641,257.826666666667
0.12,5.88522697878972,257.126666666667
0.12,5.92523871789635,256.726666666667
0.12,5.88522697878972,258.626666666667
0.12,5.82520937012978,255.226666666667
0.12,5.74518589191653,253.526666666667
0.12,5.78519763102316,252.526666666667
0.12,5.82520937012978,252.326666666667
0.12,5.82520937012978,249.726666666667
0.12,5.82520937012978,252.826666666667
0.12,5.78519763102316,250.426666666667
0.12,5.66516241370328,245.526666666667
0.12,5.70517415280991,250.026666666667
0.12,5.74518589191653,252.826666666667
0.12,5.78519763102316,255.526666666667
0.12,5.86522110923641,257.926666666667
0.12,5.88522697878972,260.526666666667
0.12,5.90523284834303,260.926666666667
0.12,5.86522110923641,264.126666666667
0.12,5.78519763102316,268.326666666667
0.12,5.78519763102316,270.426666666667
0.12,5.76519176146985,275.226666666667
0.12,5.78519763102316,275.926666666667
0.12,5.80520350057647,273.626666666667
0.12,5.72518002236322,268.626666666667
0.12,5.80520350057647,264.726666666667
0.12,5.72518002236322,262.326666666667
0.12,5.82520937012978,259.926666666667
0.12,5.88522697878972,258.326666666667
0.12,5.86522110923641,254.926666666667
0.12,5.80520350057647,251.326666666667
0.12,5.76519176146985,251.026666666667
0.12,6.22532676119604,266.719333333333
0.12,6.14530328298279,267.119333333333
0.12,6.12529741342947,265.919333333333
0.12,6.24533263074935,268.119333333333
0.12,6.20532089164272,271.319333333333
0.12,6.1653091525361,271.919333333333
0.12,6.28534436985598,267.119333333333
0.12,6.22532676119604,267.619333333333
0.12,6.22532676119604,266.519333333333
0.12,6.1653091525361,267.519333333333
0.12,6.24533263074935,266.319333333333
0.12,6.20532089164272,261.319333333333
0.12,6.18531502208941,258.119333333333
0.12,6.1653091525361,260.119333333333
0.12,6.12529741342947,258.719333333333
0.12,6.08528567432285,258.219333333333
0.12,6.06527980476954,261.119333333333
0.12,5.98525632655628,260.519333333333
0.12,5.98525632655628,258.819333333333
0.12,6.14530328298279,261.919333333333
0.12,6.14530328298279,259.019333333333
0.12,6.12529741342947,261.519333333333
0.12,6.08528567432285,261.919333333333
0.12,6.08528567432285,259.319333333333
0.12,6.12529741342947,259.719333333333
0.12,6.02526806566291,262.219333333333
0.12,5.94524458744966,266.719333333333
0.12,6.0052621961096,261.719333333333
0.12,6.02526806566291,259.519333333333
0.12,5.98525632655628,256.119333333333
0.12,5.90523284834303,259.119333333333
0.12,5.98525632655628,262.219333333333
0.12,6.0052621961096,260.819333333333
0.12,5.90523284834303,262.719333333333
0.12,5.88522697878972,262.719333333333
0.12,5.92523871789635,259.419333333333
0.12,5.90523284834303,257.619333333333
0.12,5.88522697878972,256.019333333333
0.12,5.94524458744966,257.819333333333
0.12,5.92523871789635,258.119333333333
0.12,5.8452152396831,255.319333333333
0.12,5.78519763102316,255.119333333333
0.12,5.72518002236322,254.619333333333
0.12,5.74518589191653,249.619333333333
0.12,5.70517415280991,246.519333333333
0.12,5.6851682832566,251.519333333333
0.12,5.82520937012978,251.819333333333
0.12,5.88522697878972,250.419333333333
0.12,5.72518002236322,246.919333333333
0.12,5.72518002236322,246.319333333333
0.12,5.64515654414997,244.219333333333
0.12,5.66516241370328,245.419333333333
0.12,5.82520937012978,250.419333333333
0.12,5.74518589191653,247.719333333333
0.12,5.70517415280991,245.019333333333
0.12,5.72518002236322,250.019333333333
0.12,5.78519763102316,247.619333333333
0.12,5.80520350057647,249.219333333333
0.12,5.78519763102316,252.019333333333
0.12,5.80520350057647,249.519333333333
0.12,5.86522110923641,251.119333333333
0.12,5.76519176146985,250.719333333333
0.12,5.80520350057647,251.119333333333
0.12,5.76519176146985,250.719333333333
0.12,5.6851682832566,247.919333333333
0.12,5.64515654414997,245.019333333333
0.12,5.64515654414997,250.019333333333
0.12,5.74518589191653,253.919333333333
0.12,5.78519763102316,254.619333333333
0.12,5.72518002236322,254.519333333333
0.12,5.72518002236322,257.719333333333
0.12,5.80520350057647,259.919333333333
0.12,5.76519176146985,259.519333333333
0.12,5.72518002236322,256.619333333333
0.12,5.72518002236322,261.619333333333
0.12,5.78519763102316,260.619333333333
0.12,5.82520937012978,259.919333333333
0.12,5.72518002236322,256.319333333333
0.12,5.76519176146985,257.719333333333
0.12,5.82520937012978,260.619333333333
0.12,5.74518589191653,262.319333333333
0.12,5.66516241370328,260.319333333333
0.12,5.64515654414997,262.219333333333
0.12,5.62515067459666,267.219333333333
0.12,5.66516241370328,266.019333333333
0.12,5.66516241370328,264.719333333333
0.12,5.64515654414997,265.719333333333
0.12,5.66516241370328,264.319333333333
0.12,5.70517415280991,266.019333333333
0.12,5.78519763102316,265.419333333333
0.12,5.74518589191653,270.119333333333
0.12,5.74518589191653,269.219333333333
0.12,5.86522110923641,269.219333333333
0.12,5.88522697878972,266.219333333333
0.12,6.02526806566291,268.519333333333
0.12,6.12529741342947,269.619333333333
0.12,6.0052621961096,271.819333333333
0.12,6.02526806566291,270.919333333333
0.12,6.10529154387616,269.219333333333
0.12,5.98525632655628,271.019333333333
0.12,5.96525045700297,269.019333333333
0.12,5.96525045700297,269.219333333333
0.12,5.96525045700297,267.019333333333
0.12,5.80520350057647,269.119333333333
0.12,6.10529154387616,270.319333333333
0.12,6.02526806566291,269.119333333333
0.12,5.98525632655628,268.819333333333
0.12,5.90523284834303,266.319333333333
0.12,5.98525632655628,264.719333333333
0.12,5.98525632655628,264.619333333333
0.12,5.90523284834303,265.719333333333
0.12,5.98525632655628,267.319333333333
0.12,5.96525045700297,265.619333333333
0.12,5.90523284834303,264.519333333333
0.12,5.90523284834303,268.219333333333
0.12,5.90523284834303,269.619333333333
0.12,5.88522697878972,268.119333333333
0.12,5.8452152396831,266.019333333333
0.12,5.86522110923641,268.219333333333
0.12,5.90523284834303,267.619333333333
0.12,5.90523284834303,268.519333333333
0.12,5.78519763102316,273.519333333333
0.12,5.8452152396831,268.519333333333
0.12,5.82520937012978,266.619333333333
0.12,5.82520937012978,267.619333333333
0.12,5.86522110923641,264.119333333333
0.12,5.78519763102316,265.819333333333
0.12,5.80520350057647,266.119333333333
0.12,5.8452152396831,270.419333333333
0.12,5.86522110923641,273.819333333333
0.12,5.94524458744966,269.519333333333
0.12,5.90523284834303,270.219333333333
0.12,5.8452152396831,269.919333333333
0.12,5.8452152396831,266.219333333333
0.12,5.80520350057647,267.319333333333
0.12,5.80520350057647,269.719333333333
0.12,5.94524458744966,269.519333333333
0.12,5.90523284834303,266.319333333333
0.12,5.78519763102316,268.219333333333
0.12,5.90523284834303,271.819333333333
0.12,5.78519763102316,269.919333333333
0.12,5.88522697878972,268.719333333333
0.12,5.72518002236322,269.019333333333
0.12,5.90523284834303,269.819333333333
0.12,5.80520350057647,274.419333333333
0.12,5.70517415280991,272.519333333333
0.12,5.70517415280991,274.919333333333
0.12,5.54512719638341,277.119333333333
0.12,5.62515067459666,276.019333333333
0.12,5.66516241370328,277.219333333333
0.12,5.58513893549003,272.219333333333
0.12,5.6851682832566,274.919333333333
0.12,5.80520350057647,273.719333333333
0.12,5.6851682832566,272.519333333333
0.12,5.76519176146985,273.319333333333
0.12,5.82520937012978,270.719333333333
0.12,5.72518002236322,270.719333333333
0.12,5.6851682832566,267.419333333333
0.12,5.80520350057647,271.119333333333
0.12,5.78519763102316,270.319333333333
0.12,5.82520937012978,271.519333333333
0.12,5.78519763102316,266.919333333333
0.12,5.72518002236322,268.519333333333
0.12,5.72518002236322,269.719333333333
0.12,5.76519176146985,268.819333333333
0.12,5.80520350057647,271.119333333333
0.12,5.82520937012978,270.219333333333
0.12,5.78519763102316,271.419333333333
0.12,5.8452152396831,269.719333333333
0.12,5.66516241370328,274.719333333333
0.12,5.74518589191653,279.719333333333
0.12,5.76519176146985,279.819333333333
0.12,5.80520350057647,274.819333333333
0.12,5.58513893549003,279.819333333333
0.12,5.6851682832566,276.119333333333
0.12,5.8452152396831,273.619333333333
0.12,5.82520937012978,275.219333333333
0.12,5.74518589191653,272.619333333333
0.12,5.78519763102316,269.619333333333
0.12,5.78519763102316,274.619333333333
0.12,5.90523284834303,273.919333333333
0.12,5.80520350057647,274.919333333333
0.12,5.82520937012978,276.219333333333
0.12,5.6851682832566,277.119333333333
0.12,5.70517415280991,273.519333333333
0.12,5.74518589191653,272.819333333333
0.12,5.82520937012978,276.119333333333
0.12,5.78519763102316,271.119333333333
0.12,5.72518002236322,274.619333333333
0.12,5.78519763102316,274.719333333333
0.12,5.78519763102316,272.119333333333
0.12,5.66516241370328,277.119333333333
0.12,5.70517415280991,278.219333333333
0.12,5.6851682832566,279.019333333333
0.12,5.80520350057647,277.619333333333
0.12,5.78519763102316,276.019333333333
0.12,5.82520937012978,281.019333333333
0.12,5.70517415280991,276.019333333333
0.12,5.6851682832566,281.019333333333
0.12,5.74518589191653,281.119333333333
0.12,5.76519176146985,284.019333333333
0.12,5.70517415280991,285.219333333333
0.12,5.80520350057647,284.619333333333
0.12,5.72518002236322,279.619333333333
0.12,5.66516241370328,280.719333333333
0.12,5.6851682832566,280.219333333333
0.12,5.64515654414997,275.219333333333
0.12,5.66516241370328,274.119333333333
0.12,5.80520350057647,273.519333333333
0.12,5.70517415280991,277.019333333333
0.12,5.72518002236322,272.419333333333
0.12,5.78519763102316,274.919333333333
0.12,5.78519763102316,279.919333333333
0.12,5.6851682832566,277.619333333333
0.12,5.80520350057647,278.519333333333
0.12,5.72518002236322,277.919333333333
0.12,5.76519176146985,277.119333333333
0.12,5.74518589191653,282.019333333333
0.12,5.74518589191653,277.019333333333
0.12,5.70517415280991,279.019333333333
0.12,5.70517415280991,279.419333333333
0.12,5.74518589191653,282.519333333333
0.12,5.72518002236322,280.919333333333
0.12,5.70517415280991,283.419333333333
0.12,5.6851682832566,284.819333333333
0.12,5.80520350057647,281.119333333333
0.12,5.74518589191653,280.519333333333
0.12,5.66516241370328,278.519333333333
0.12,5.74518589191653,278.219333333333
0.12,5.76519176146985,278.819333333333
0.12,5.80520350057647,276.519333333333
0.12,5.86522110923641,281.519333333333
0.12,5.66516241370328,281.019333333333
0.12,5.76519176146985,277.119333333333
0.12,5.8452152396831,279.019333333333
0.12,5.8452152396831,274.019333333333
0.12,5.78519763102316,275.819333333333
0.12,5.78519763102316,273.619333333333
0.12,5.8452152396831,272.819333333333
0.12,5.88522697878972,275.519333333333
0.12,6.08528567432285,273.019333333333
0.12,5.96525045700297,271.619333333333
0.12,5.88522697878972,275.719333333333
0.12,5.86522110923641,273.119333333333
0.12,5.76519176146985,274.219333333333
0.12,5.82520937012978,274.519333333333
0.12,5.74518589191653,279.519333333333
0.12,6.0052621961096,274.519333333333
0.12,5.90523284834303,279.519333333333
0.12,5.96525045700297,274.519333333333
0.12,6.08528567432285,271.419333333333
0.12,5.80520350057647,276.419333333333
0.12,5.94524458744966,271.419333333333
0.12,6.0052621961096,272.619333333333
0.12,6.06527980476954,271.919333333333
0.12,5.88522697878972,271.319333333333
0.12,5.92523871789635,276.319333333333
0.12,5.82520937012978,274.719333333333
0.12,5.90523284834303,273.619333333333
0.12,5.86522110923641,278.619333333333
0.12,5.8452152396831,275.319333333333
0.12,5.82520937012978,276.719333333333
0.12,5.88522697878972,279.219333333333
0.12,5.78519763102316,279.119333333333
0.12,5.76519176146985,278.419333333333
0.12,5.78519763102316,282.719333333333
0.12,5.80520350057647,278.619333333333
0.12,5.92523871789635,273.619333333333
0.12,5.92523871789635,278.519333333333
0.12,5.92523871789635,276.519333333333
0.12,5.78519763102316,280.219333333333
0.12,5.80520350057647,280.519333333333
0.12,5.70517415280991,285.519333333333
0.12,5.80520350057647,280.519333333333
0.12,5.8452152396831,280.219333333333
0.12,5.76519176146985,281.919333333333
0.12,5.6851682832566,286.919333333333
0.12,5.8452152396831,283.719333333333
0.12,5.76519176146985,287.919333333333
0.12,5.72518002236322,288.519333333333
0.12,5.78519763102316,285.519333333333
0.12,5.8452152396831,288.019333333333
0.12,5.90523284834303,283.019333333333
0.12,5.90523284834303,285.319333333333
0.12,5.74518589191653,280.319333333333
0.12,5.76519176146985,284.019333333333
0.12,5.52512132683009,280.319333333333
0.12,5.60514480504334,282.819333333333
0.12,5.78519763102316,280.019333333333
0.12,5.80520350057647,284.519333333333
0.12,5.80520350057647,280.819333333333
0.12,5.6851682832566,278.519333333333
0.12,5.74518589191653,277.919333333333
0.12,5.66516241370328,282.919333333333
0.12,5.76519176146985,282.619333333333
0.12,5.78519763102316,285.819333333333
0.12,5.8452152396831,285.119333333333
0.12,5.86522110923641,281.119333333333
0.12,5.80520350057647,286.119333333333
0.12,5.80520350057647,285.019333333333
0.12,5.98525632655628,270.282333333333
0.12,6.06527980476954,272.082333333333
0.12,6.10529154387616,271.082333333333
0.12,6.10529154387616,271.582333333333
0.12,6.18531502208941,274.982333333333
0.12,6.20532089164272,278.282333333333
0.12,6.22532676119604,283.282333333333
0.12,6.26533850030266,283.582333333333
0.12,6.18531502208941,282.082333333333
0.12,6.18531502208941,280.882333333333
0.12,6.1653091525361,281.682333333333
0.12,6.06527980476954,282.382333333333
0.12,6.04527393521622,279.582333333333
0.12,6.08528567432285,281.682333333333
0.12,6.1653091525361,280.282333333333
0.12,6.06527980476954,280.382333333333
0.12,6.0052621961096,282.782333333333
0.12,6.06527980476954,286.382333333333
0.12,6.12529741342947,284.082333333333
0.12,6.12529741342947,283.882333333333
0.12,6.10529154387616,278.882333333333
0.12,6.06527980476954,276.782333333333
0.12,6.06527980476954,271.882333333333
0.12,6.10529154387616,271.682333333333
0.12,6.14530328298279,271.682333333333
0.12,6.10529154387616,269.482333333333
0.12,6.08528567432285,267.082333333333
0.12,6.10529154387616,268.182333333333
0.12,6.12529741342947,270.682333333333
0.12,6.08528567432285,272.982333333333
0.12,6.10529154387616,272.582333333333
0.12,6.08528567432285,272.982333333333
0.12,6.04527393521622,271.082333333333
0.12,5.96525045700297,269.482333333333
0.12,5.96525045700297,268.982333333333
0.12,5.94524458744966,265.882333333333
0.12,5.92523871789635,263.282333333333
0.12,5.86522110923641,263.582333333333
0.12,5.86522110923641,261.782333333333
0.12,5.86522110923641,261.482333333333
0.12,5.86522110923641,262.082333333333
0.12,5.86522110923641,261.182333333333
0.12,5.88522697878972,264.182333333333
0.12,5.88522697878972,263.882333333333
0.12,5.94524458744966,264.382333333333
0.12,5.92523871789635,266.582333333333
0.12,5.90523284834303,270.682333333333
0.12,5.92523871789635,271.382333333333
0.12,5.92523871789635,272.182333333333
0.12,5.88522697878972,271.982333333333
0.12,5.8452152396831,272.082333333333
0.12,5.8452152396831,271.882333333333
0.12,5.8452152396831,273.982333333333
0.12,5.80520350057647,274.982333333333
0.12,5.8452152396831,276.682333333333
0.12,5.8452152396831,276.482333333333
0.12,5.8452152396831,274.782333333333
0.12,5.82520937012978,273.582333333333
0.12,5.76519176146985,270.982333333333
0.12,5.76519176146985,266.982333333333
0.12,5.72518002236322,265.382333333333
0.12,5.70517415280991,264.582333333333
0.12,5.6851682832566,265.982333333333
0.12,5.72518002236322,270.982333333333
0.12,5.74518589191653,273.382333333333
0.12,5.74518589191653,275.882333333333
0.12,5.74518589191653,275.882333333333
0.12,5.82520937012978,271.282333333333
0.12,5.8452152396831,268.682333333333
0.12,5.82520937012978,266.282333333333
0.12,5.90523284834303,266.882333333333
0.12,5.90523284834303,265.782333333333
0.12,5.92523871789635,264.982333333333
0.12,5.92523871789635,264.082333333333
0.12,5.90523284834303,263.282333333333
0.12,5.90523284834303,263.182333333333
0.12,5.96525045700297,262.182333333333
0.12,5.98525632655628,262.182333333333
0.12,5.98525632655628,263.082333333333
0.12,5.94524458744966,263.082333333333
0.12,5.98525632655628,264.182333333333
0.12,5.98525632655628,264.282333333333
0.12,6.0052621961096,264.082333333333
0.12,5.98525632655628,264.382333333333
0.12,6.04527393521622,265.082333333333
0.12,6.12529741342947,262.782333333333
0.12,6.10529154387616,260.482333333333
0.12,6.08528567432285,259.682333333333
0.12,5.96525045700297,259.382333333333
0.12,5.98525632655628,260.982333333333
0.12,6.0052621961096,262.082333333333
0.12,5.98525632655628,262.382333333333
0.12,5.92523871789635,261.682333333333
0.12,5.92523871789635,264.682333333333
0.12,5.96525045700297,265.882333333333
0.12,5.96525045700297,261.982333333333
0.12,5.94524458744966,261.982333333333
0.12,5.96525045700297,263.882333333333
0.12,5.96525045700297,265.882333333333
0.12,5.96525045700297,267.882333333333
0.12,5.96525045700297,272.682333333333
0.12,6.06527980476954,276.182333333333
0.12,6.06527980476954,271.582333333333
0.12,6.10529154387616,272.482333333333
0.12,6.1653091525361,274.882333333333
0.12,6.1653091525361,276.682333333333
0.12,6.12529741342947,275.182333333333
0.12,6.10529154387616,273.482333333333
0.12,6.04527393521622,274.482333333333
0.12,6.04527393521622,273.482333333333
0.12,6.10529154387616,271.382333333333
0.12,6.10529154387616,269.182333333333
0.12,6.10529154387616,268.382333333333
0.12,6.12529741342947,269.582333333333
0.12,6.08528567432285,265.782333333333
0.12,6.06527980476954,264.082333333333
0.12,5.98525632655628,264.482333333333
0.12,6.0052621961096,269.482333333333
0.12,6.04527393521622,274.482333333333
0.12,6.04527393521622,278.382333333333
0.12,6.10529154387616,282.582333333333
0.12,6.10529154387616,282.682333333333
0.12,6.1653091525361,281.582333333333
0.12,6.1653091525361,283.182333333333
0.12,6.06527980476954,283.182333333333
0.12,6.04527393521622,282.082333333333
0.12,6.0052621961096,287.082333333333
0.12,6.06527980476954,282.082333333333
0.12,6.04527393521622,277.782333333333
0.12,5.92523871789635,273.482333333333
0.12,5.88522697878972,271.882333333333
0.12,5.88522697878972,276.882333333333
0.12,5.94524458744966,276.482333333333
0.12,5.94524458744966,275.882333333333
0.12,5.90523284834303,272.382333333333
0.12,5.90523284834303,271.982333333333
0.12,6.0052621961096,273.282333333333
0.12,5.98525632655628,274.282333333333
0.12,5.96525045700297,277.982333333333
0.12,6.0052621961096,274.682333333333
0.12,6.08528567432285,275.582333333333
0.12,6.0052621961096,272.382333333333
0.12,6.04527393521622,270.782333333333
0.12,6.10529154387616,273.482333333333
0.12,6.08528567432285,274.982333333333
0.12,6.08528567432285,276.282333333333
0.12,5.98525632655628,271.782333333333
0.12,5.94524458744966,266.782333333333
0.12,5.94524458744966,267.482333333333
0.12,5.96525045700297,268.482333333333
0.12,5.98525632655628,270.782333333333
0.12,6.04527393521622,275.782333333333
0.12,6.04527393521622,276.982333333333
0.12,6.04527393521622,275.582333333333
0.12,6.10529154387616,279.182333333333
0.12,5.98525632655628,281.782333333333
0.12,6.02526806566291,277.482333333333
0.12,6.04527393521622,277.582333333333
0.12,5.94524458744966,272.582333333333
0.12,5.94524458744966,270.382333333333
0.12,6.02526806566291,271.682333333333
0.12,6.14530328298279,274.382333333333
0.12,6.06527980476954,279.382333333333
0.12,5.94524458744966,275.382333333333
0.12,5.94524458744966,270.382333333333
0.12,5.98525632655628,265.782333333333
0.12,5.96525045700297,268.982333333333
0.12,5.98525632655628,263.982333333333
0.12,5.94524458744966,261.382333333333
0.12,5.94524458744966,266.382333333333
0.12,6.0052621961096,271.382333333333
0.12,6.10529154387616,276.382333333333
0.12,6.0052621961096,281.282333333333
0.12,6.02526806566291,276.282333333333
0.12,5.94524458744966,275.182333333333
0.12,5.92523871789635,277.882333333333
0.12,5.94524458744966,272.882333333333
0.12,6.04527393521622,270.682333333333
0.12,5.82520937012978,270.782333333333
0.12,5.80520350057647,267.982333333333
0.12,5.86522110923641,262.982333333333
0.12,5.94524458744966,260.482333333333
0.12,5.96525045700297,265.482333333333
0.12,5.98525632655628,268.082333333333
0.12,6.06527980476954,263.082333333333
0.12,5.96525045700297,262.082333333333
0.12,5.90523284834303,264.782333333333
0.12,5.88522697878972,262.982333333333
0.12,5.86522110923641,261.582333333333
0.12,5.90523284834303,266.582333333333
0.12,5.86522110923641,271.582333333333
0.12,5.80520350057647,266.582333333333
0.12,5.98525632655628,271.482333333333
0.12,5.94524458744966,274.782333333333
0.12,5.92523871789635,276.982333333333
0.12,5.96525045700297,276.082333333333
0.12,5.94524458744966,279.682333333333
0.12,6.02526806566291,278.982333333333
0.12,6.10529154387616,278.782333333333
0.12,6.0052621961096,273.782333333333
0.12,6.0052621961096,269.482333333333
0.12,6.08528567432285,266.982333333333
0.12,6.06527980476954,262.382333333333
0.12,6.02526806566291,266.382333333333
0.12,6.02526806566291,265.882333333333
0.12,5.96525045700297,260.882333333333
0.12,5.98525632655628,258.782333333333
0.12,5.94524458744966,253.782333333333
0.12,5.88522697878972,250.582333333333
0.12,5.88522697878972,248.882333333333
0.12,5.88522697878972,248.082333333333
0.12,6.0052621961096,253.082333333333
0.12,6.02526806566291,253.782333333333
0.12,6.02526806566291,258.782333333333
0.12,5.86522110923641,258.782333333333
0.12,5.88522697878972,256.082333333333
0.12,5.92523871789635,261.082333333333
0.12,5.86522110923641,262.482333333333
0.12,5.92523871789635,257.482333333333
0.12,6.0052621961096,257.582333333333
0.12,5.96525045700297,256.782333333333
0.12,5.92523871789635,256.882333333333
0.12,5.8452152396831,260.882333333333
0.12,5.86522110923641,255.882333333333
0.12,5.88522697878972,251.482333333333
0.12,5.92523871789635,251.982333333333
0.12,5.96525045700297,254.982333333333
0.12,5.92523871789635,253.882333333333
0.12,5.88522697878972,258.582333333333
0.12,6.0052621961096,255.082333333333
0.12,5.98525632655628,254.382333333333
0.12,5.94524458744966,257.082333333333
0.12,5.86522110923641,258.382333333333
0.12,5.88522697878972,259.482333333333
0.12,5.92523871789635,260.282333333333
0.12,5.92523871789635,258.282333333333
0.12,5.96525045700297,255.982333333333
0.12,5.96525045700297,259.182333333333
0.12,5.94524458744966,258.182333333333
0.12,5.90523284834303,255.082333333333
0.12,5.90523284834303,255.082333333333
0.12,5.96525045700297,252.382333333333
0.12,5.94524458744966,256.082333333333
0.12,5.94524458744966,258.382333333333
0.12,5.98525632655628,255.882333333333
0.12,5.88522697878972,253.382333333333
0.12,6.0052621961096,258.382333333333
0.12,6.06527980476954,261.282333333333
0.12,6.12529741342947,259.982333333333
0.12,6.10529154387616,262.382333333333
0.12,6.1653091525361,263.982333333333
0.12,6.10529154387616,262.682333333333
0.12,6.12529741342947,266.282333333333
0.12,6.14530328298279,261.282333333333
0.12,6.22532676119604,262.682333333333
0.12,6.24533263074935,263.782333333333
0.12,6.24533263074935,268.382333333333
0.12,6.30535023940929,264.082333333333
0.12,6.34536197851591,266.982333333333
0.12,6.34536197851591,271.982333333333
0.12,6.30535023940929,272.482333333333
0.12,6.30535023940929,272.282333333333
0.12,6.30535023940929,274.782333333333
0.12,6.26533850030266,275.582333333333
0.12,6.30535023940929,273.082333333333
0.12,6.40537958717585,272.782333333333
0.12,6.3253561089626,270.182333333333
0.12,6.42538545672916,275.182333333333
0.12,6.40537958717585,279.382333333333
0.12,6.44539132628248,276.482333333333
0.12,6.28534436985598,279.482333333333
0.12,6.42538545672916,282.482333333333
0.12,6.36536784806923,279.082333333333
0.12,6.44539132628248,282.482333333333
0.12,6.38537371762254,285.582333333333
0.12,6.3253561089626,283.182333333333
0.12,6.42538545672916,282.482333333333
0.12,6.36536784806923,285.182333333333
0.12,6.4854030653891,280.182333333333
0.12,6.4854030653891,279.082333333333
0.12,6.52541480449573,280.082333333333
0.12,6.38537371762254,281.482333333333
0.12,6.42538545672916,281.182333333333
0.12,6.34536197851591,280.482333333333
0.12,6.3253561089626,281.482333333333
0.12,6.46539719583579,279.682333333333
0.12,6.42538545672916,275.882333333333
0.12,6.44539132628248,278.382333333333
0.12,6.44539132628248,280.082333333333
0.12,6.42538545672916,283.782333333333
0.12,6.26533850030266,282.782333333333
0.12,6.42538545672916,282.882333333333
0.12,6.44539132628248,285.282333333333
0.12,6.38537371762254,281.982333333333
0.12,6.4854030653891,283.782333333333
0.12,6.4854030653891,280.082333333333
0.12,6.50540893494241,281.182333333333
0.12,6.42538545672916,282.482333333333
0.12,6.50540893494241,280.982333333333
0.12,6.54542067404904,282.582333333333
0.12,6.08264614556556,269.604333333333
0.12,6.04545538006106,268.704333333333
0.12,6.03305845822622,270.204333333333
0.12,6.08264614556556,268.704333333333
0.12,6.04545538006106,265.404333333333
0.12,6.05785230189589,269.704333333333
0.12,6.03305845822622,269.704333333333
0.12,6.03305845822622,268.004333333333
0.12,6.03305845822622,272.804333333333
0.12,6.09504306740039,268.904333333333
0.12,6.13223383290489,270.004333333333
0.12,6.25620305125323,269.604333333333
0.12,6.18182152024423,269.604333333333
0.12,6.2438061294184,268.104333333333
0.12,6.3181876604274,269.204333333333
0.12,6.25620305125323,268.704333333333
0.12,6.23140920758356,272.104333333333
0.12,6.29339381675773,270.804333333333
0.12,6.2809968949229,271.104333333333
0.12,6.3181876604274,269.204333333333
0.12,6.30579073859256,268.704333333333
0.12,6.29339381675773,269.104333333333
0.12,6.30579073859256,269.704333333333
0.12,6.3181876604274,268.804333333333
0.12,6.30579073859256,270.304333333333
0.12,6.3181876604274,268.104333333333
0.12,6.2809968949229,270.204333333333
0.12,6.2809968949229,267.204333333333
0.12,6.25620305125323,269.204333333333
0.12,6.29339381675773,268.404333333333
0.12,6.2809968949229,269.704333333333
0.12,6.3181876604274,271.204333333333
0.12,6.34298150409707,268.904333333333
0.12,6.2809968949229,271.004333333333
0.12,6.3181876604274,269.704333333333
0.12,6.26859997308806,270.904333333333
0.12,6.30579073859256,270.104333333333
0.12,6.2438061294184,270.704333333333
0.12,6.36777534776673,270.504333333333
0.12,6.34298150409707,270.404333333333
0.12,6.2809968949229,271.704333333333
0.12,6.34298150409707,268.804333333333
0.12,6.33058458226223,269.604333333333
0.12,6.2809968949229,269.704333333333
0.12,6.30579073859256,270.904333333333
0.12,6.30579073859256,270.704333333333
0.12,6.21901228574873,269.204333333333
0.12,6.36777534776673,270.204333333333
0.12,6.33058458226223,271.104333333333
0.12,6.40496611327123,268.104333333333
0.12,6.3925691914364,268.204333333333
0.12,6.3925691914364,269.904333333333
0.12,6.41736303510607,269.904333333333
0.12,6.4297599569409,270.004333333333
0.12,6.36777534776673,268.504333333333
0.12,6.44215687877574,269.604333333333
0.12,6.38017226960157,270.904333333333
0.12,6.34298150409707,269.204333333333
0.12,6.34298150409707,269.004333333333
0.12,6.38017226960157,268.504333333333
0.12,6.38017226960157,269.504333333333
0.12,6.40496611327123,269.104333333333
0.12,6.51653840978474,268.104333333333
0.12,6.49174456611507,269.804333333333
0.12,6.49174456611507,267.504333333333
0.12,6.41736303510607,270.104333333333
0.12,6.44215687877574,268.604333333333
0.12,6.55372917528924,270.804333333333
0.12,6.5041414879499,270.004333333333
0.12,6.4297599569409,269.104333333333
0.12,6.45455380061057,270.404333333333
0.12,6.56612609712407,267.704333333333
0.12,6.5041414879499,269.304333333333
0.12,6.5041414879499,269.004333333333
0.12,6.55372917528924,269.404333333333
0.12,6.5041414879499,270.704333333333
0.12,6.51653840978474,268.404333333333
0.12,6.4297599569409,269.704333333333
0.12,6.44215687877574,269.104333333333
0.12,6.45455380061057,269.404333333333
0.12,6.51653840978474,267.804333333333
0.12,6.45455380061057,270.604333333333
0.12,6.5041414879499,269.704333333333
0.12,6.41736303510607,269.104333333333
0.12,6.51653840978474,270.404333333333
0.12,6.51653840978474,270.004333333333
0.12,6.4669507224454,271.004333333333
0.12,6.51653840978474,269.204333333333
0.12,6.41736303510607,268.804333333333
0.12,6.4669507224454,269.004333333333
0.12,6.51653840978474,269.604333333333
0.12,6.44215687877574,268.804333333333
0.12,6.40496611327123,269.404333333333
0.12,6.52893533161957,270.004333333333
0.12,6.5413322534544,269.904333333333
0.12,6.55372917528924,269.504333333333
0.12,6.51653840978474,268.704333333333
0.12,6.57852301895891,271.104333333333
0.12,6.4297599569409,268.704333333333
0.12,6.49174456611507,270.204333333333
0.12,6.5041414879499,271.104333333333
0.12,6.59091994079374,269.104333333333
0.12,6.52893533161957,269.604333333333
0.12,6.52893533161957,268.004333333333
0.12,6.5041414879499,268.804333333333
0.12,6.4297599569409,270.304333333333
0.12,6.52893533161957,268.704333333333
0.12,6.56612609712407,269.004333333333
0.12,6.5413322534544,271.504333333333
0.12,6.51653840978474,271.104333333333
0.12,6.62811070629824,270.504333333333
0.12,6.64050762813307,269.404333333333
0.12,6.65290454996791,270.004333333333
0.12,6.60331686262857,271.304333333333
0.12,6.57852301895891,270.804333333333
0.12,6.69009531547241,270.304333333333
0.12,6.57852301895891,270.704333333333
0.12,6.5413322534544,270.504333333333
0.12,6.65290454996791,270.304333333333
0.12,6.64050762813307,269.804333333333
0.12,6.57852301895891,268.404333333333
0.12,6.55372917528924,267.504333333333
0.12,6.60331686262857,270.004333333333
0.12,6.59091994079374,269.004333333333
0.12,6.65290454996791,268.404333333333
0.12,6.65290454996791,270.804333333333
0.12,6.64050762813307,271.404333333333
0.12,6.61571378446341,269.804333333333
0.12,6.5413322534544,267.504333333333
0.12,6.51653840978474,268.204333333333
0.12,6.60331686262857,269.704333333333
0.12,6.62811070629824,269.904333333333
0.12,6.49174456611507,269.904333333333
0.12,6.5041414879499,269.504333333333
0.12,6.57852301895891,270.404333333333
0.12,6.61571378446341,269.304333333333
0.12,6.66530147180274,270.504333333333
0.12,6.5413322534544,270.104333333333
0.12,6.67769839363758,270.104333333333
0.12,6.45455380061057,270.904333333333
0.12,6.52893533161957,270.704333333333
0.12,6.52893533161957,270.904333333333
0.12,6.47934764428024,269.404333333333
0.12,6.5413322534544,270.804333333333
0.12,6.52893533161957,270.504333333333
0.12,6.5041414879499,269.304333333333
0.12,6.55372917528924,269.804333333333
0.12,6.64050762813307,269.004333333333
0.12,6.67769839363758,270.904333333333
0.12,6.66530147180274,270.504333333333
0.12,6.55372917528924,270.204333333333
0.12,6.65290454996791,270.504333333333
0.12,6.51653840978474,271.804333333333
0.12,6.65290454996791,270.304333333333
0.12,6.72728608097691,269.404333333333
0.12,6.60331686262857,269.304333333333
0.12,6.64050762813307,269.804333333333
0.12,6.73968300281174,270.304333333333
0.12,6.56612609712407,271.604333333333
0.12,6.60331686262857,269.704333333333
0.12,6.71488915914208,269.804333333333
0.12,6.73968300281174,271.604333333333
0.12,6.52893533161957,269.804333333333
0.12,6.61571378446341,273.004333333333
0.12,6.75207992464658,271.504333333333
0.12,6.62811070629824,274.004333333333
0.12,6.70249223730724,274.604333333333
0.12,6.5413322534544,272.804333333333
0.12,6.75207992464658,270.904333333333
0.12,6.56612609712407,271.804333333333
0.12,6.65290454996791,271.204333333333
0.12,6.55372917528924,271.804333333333
0.12,6.5413322534544,271.904333333333
0.12,6.70249223730724,273.704333333333
0.12,6.62811070629824,272.604333333333
0.12,6.72728608097691,274.104333333333
0.12,6.70249223730724,272.904333333333
0.12,6.73968300281174,271.904333333333
0.12,6.75207992464658,272.704333333333
0.12,6.72728608097691,273.204333333333
0.12,6.56612609712407,272.304333333333
0.12,6.75207992464658,272.704333333333
0.12,6.67769839363758,272.204333333333
0.12,6.60331686262857,271.804333333333
0.12,6.69009531547241,270.004333333333
0.12,6.67769839363758,272.604333333333
0.12,6.64050762813307,270.804333333333
0.12,6.67769839363758,271.504333333333
0.12,6.65290454996791,271.604333333333
0.12,6.61571378446341,272.404333333333
0.12,6.85125529932525,272.504333333333
0.12,6.70249223730724,271.304333333333
0.12,6.67769839363758,271.304333333333
0.12,6.77687376831624,272.904333333333
0.12,6.96282759583875,271.104333333333
0.12,6.83885837749041,270.704333333333
0.12,6.81406453382075,271.604333333333
0.12,6.70249223730724,269.804333333333
0.12,6.73968300281174,271.104333333333
0.12,6.76447684648141,271.104333333333
0.12,6.87604914299491,269.704333333333
0.12,6.85125529932525,271.404333333333
0.12,6.85125529932525,269.604333333333
0.12,6.73968300281174,271.104333333333
0.12,6.80166761198591,270.504333333333
0.12,6.83885837749041,269.104333333333
0.12,6.77687376831624,272.204333333333
0.12,6.82646145565558,271.604333333333
0.12,6.72728608097691,272.804333333333
0.12,6.67769839363758,272.004333333333
0.12,6.75207992464658,271.104333333333
0.12,6.77687376831624,271.104333333333
0.12,6.85125529932525,272.304333333333
0.12,6.76447684648141,270.204333333333
0.12,6.57852301895891,270.804333333333
0.12,6.64050762813307,270.504333333333
0.12,6.77687376831624,271.304333333333
0.12,6.61571378446341,270.604333333333
0.12,6.75207992464658,270.604333333333
0.12,6.81406453382075,269.304333333333
0.12,6.72728608097691,269.604333333333
0.12,6.76447684648141,268.504333333333
0.12,6.62811070629824,269.004333333333
0.12,6.80166761198591,269.904333333333
0.12,6.82646145565558,269.904333333333
0.12,6.76447684648141,269.604333333333
0.12,6.72728608097691,267.904333333333
0.12,6.71488915914208,268.004333333333
0.12,6.71488915914208,270.104333333333
0.12,6.62811070629824,268.804333333333
0.12,6.73968300281174,269.704333333333
0.12,6.61571378446341,268.304333333333
0.12,6.60331686262857,268.004333333333
0.12,6.67769839363758,269.304333333333
0.12,6.62811070629824,267.404333333333
0.12,6.87604914299491,269.204333333333
0.12,6.85125529932525,269.204333333333
0.12,6.86365222116008,268.604333333333
0.12,6.85125529932525,270.004333333333
0.12,6.82646145565558,268.804333333333
0.12,6.83885837749041,269.804333333333
0.12,6.80166761198591,269.604333333333
0.12,6.64050762813307,270.804333333333
0.12,6.76447684648141,269.004333333333
0.12,6.71488915914208,268.004333333333
0.12,6.61571378446341,267.304333333333
0.12,6.66530147180274,269.104333333333
0.12,6.61571378446341,269.004333333333
0.12,6.62811070629824,270.104333333333
0.12,6.56612609712407,268.004333333333
0.12,6.57852301895891,267.604333333333
0.12,6.3925691914364,268.204333333333
0.12,6.41736303510607,267.504333333333
0.12,6.29339381675773,265.504333333333
0.12,6.55372917528924,269.204333333333
0.12,6.59091994079374,270.204333333333
0.12,6.60331686262857,267.304333333333
0.12,6.69009531547241,269.204333333333
0.12,6.69009531547241,266.504333333333
0.12,6.73968300281174,267.904333333333
0.12,6.78927069015108,268.604333333333
0.12,6.69009531547241,268.304333333333
0.12,6.73968300281174,270.004333333333
0.12,6.66530147180274,269.304333333333
0.12,6.65290454996791,267.704333333333
0.12,6.55372917528924,268.204333333333
0.12,6.51653840978474,268.104333333333
0.12,6.57852301895891,271.004333333333
0.12,6.55372917528924,270.904333333333
0.12,6.36777534776673,271.304333333333
0.12,6.5041414879499,269.104333333333
0.12,6.56612609712407,268.704333333333
0.12,6.64050762813307,267.304333333333
0.12,6.69009531547241,265.804333333333
0.12,6.64050762813307,268.704333333333
0.12,6.69009531547241,266.504333333333
0.12,6.5413322534544,266.704333333333
0.12,6.5413322534544,269.904333333333
0.12,6.65290454996791,272.004333333333
0.12,6.71488915914208,268.604333333333
0.12,6.85125529932525,268.004333333333
0.12,6.75207992464658,268.004333333333
0.12,6.83885837749041,269.404333333333
0.12,6.80166761198591,269.804333333333
0.12,6.82646145565558,270.704333333333
0.12,6.60331686262857,274.604333333333
0.12,6.75207992464658,272.304333333333
0.12,6.86365222116008,272.404333333333
0.12,6.92563683033425,271.904333333333
0.12,6.81406453382075,272.304333333333
0.12,6.70249223730724,271.304333333333
0.12,6.80166761198591,271.604333333333
0.12,6.85125529932525,270.804333333333
0.12,6.93803375216908,270.904333333333
0.12,7.02481220501292,270.704333333333
0.12,6.87604914299491,272.004333333333
0.12,6.71488915914208,273.804333333333
0.12,6.82646145565558,272.404333333333
0.12,6.86365222116008,273.404333333333
0.12,6.81406453382075,270.604333333333
0.12,6.03305845822622,275
0.12,5.98347077088689,280
0.12,6.04545538006106,283.217
0.12,5.99586769272172,280.817
0.12,5.95867692721722,281.717
0.12,5.97107384905205,279.017
0.12,6.02066153639139,281.017
0.12,6.03305845822622,283.017
0.12,6.08264614556556,282.217
0.12,6.05785230189589,284.917
0.12,6.07024922373073,286.017
0.12,6.10743998923523,282.317
0.12,6.13223383290489,282.517
0.12,6.14463075473973,284.817
0.12,6.13223383290489,280.517
0.12,6.13223383290489,276.717
0.12,6.13223383290489,277.417
0.12,6.14463075473973,275.217
0.12,6.19421844207906,277.617
0.12,6.21901228574873,275.617
0.12,6.18182152024423,278.017
0.12,6.21901228574873,277.517
0.12,6.21901228574873,276.317
0.12,6.2438061294184,278.517
0.12,6.15702767657456,280.517
0.12,6.15702767657456,278.917
0.12,6.21901228574873,283.917
0.12,6.20661536391389,281.717
0.12,6.23140920758356,280.317
0.12,6.15702767657456,278.117
0.12,6.18182152024423,279.717
0.12,6.2438061294184,284.717
0.12,6.23140920758356,285.617
0.12,6.25620305125323,280.617
0.12,6.29339381675773,280.717
0.12,6.2809968949229,281.617
0.12,6.20661536391389,281.217
0.12,6.19421844207906,283.817
0.12,6.25620305125323,283.317
0.12,6.26859997308806,286.117
0.12,6.26859997308806,283.817
0.12,6.25620305125323,285.917
0.12,6.21901228574873,283.217
0.12,6.15702767657456,282.217
0.12,6.16942459840939,284.017
0.12,6.11983691107006,285.717
0.12,6.15702767657456,281.817
0.12,6.18182152024423,284.817
0.12,6.18182152024423,284.717
0.12,6.11983691107006,285.017
0.12,6.16942459840939,284.917
0.12,6.14463075473973,284.417
0.12,6.07024922373073,286.517
0.12,6.07024922373073,286.517
0.12,6.07024922373073,285.517
0.12,6.02066153639139,285.617
0.12,5.99586769272172,283.117
0.12,5.98347077088689,282.217
0.12,5.98347077088689,287.217
0.12,6.03305845822622,286.517
0.12,5.97107384905205,284.217
0.12,5.95867692721722,283.317
0.12,5.97107384905205,285.117
0.12,5.98347077088689,284.717
0.12,5.98347077088689,281.717
0.12,6.05785230189589,283.517
0.12,6.03305845822622,285.517
0.12,6.03305845822622,281.517
0.12,5.98347077088689,281.517
0.12,6.03305845822622,280.917
0.12,6.03305845822622,282.317
0.12,5.95867692721722,287.317
0.12,5.99586769272172,282.617
0.12,5.99586769272172,280.217
0.12,5.99586769272172,277.917
0.12,5.99586769272172,278.817
0.12,5.95867692721722,274.017
0.12,5.95867692721722,272.317
0.12,6.00826461455656,274.417
0.12,6.02066153639139,276.517
0.12,6.07024922373073,276.417
0.12,5.98347077088689,273.717
0.12,6.00826461455656,272.217
0.12,5.98347077088689,270.417
0.12,5.99586769272172,268.617
0.12,6.02066153639139,270.717
0.12,6.07024922373073,269.817
0.12,6.14463075473973,271.517
0.12,6.05785230189589,266.517
0.12,6.09504306740039,265.617
0.12,6.10743998923523,266.017
0.12,6.09504306740039,266.617
0.12,6.09504306740039,265.317
0.12,6.13223383290489,264.817
0.12,6.11983691107006,269.817
0.12,6.11983691107006,272.317
0.12,6.08264614556556,267.317
0.12,6.16942459840939,265.617
0.12,6.18182152024423,267.517
0.12,6.18182152024423,266.417
0.12,6.18182152024423,268.717
0.12,6.15702767657456,270.717
0.12,6.15702767657456,267.417
0.12,6.18182152024423,267.617
0.12,6.10743998923523,266.017
0.12,6.02066153639139,270.217
0.12,6.03305845822622,267.817
0.12,6.13223383290489,265.817
0.12,6.08264614556556,266.217
0.12,6.09504306740039,263.817
0.12,6.03305845822622,262.617
0.12,5.99586769272172,263.617
0.12,6.00826461455656,265.017
0.12,6.02066153639139,264.317
0.12,5.99586769272172,263.417
0.12,6.04545538006106,263.917
0.12,6.03305845822622,265.017
0.12,6.04545538006106,263.417
0.12,6.03305845822622,264.217
0.12,6.05785230189589,266.617
0.12,6.00826461455656,265.917
0.12,5.95867692721722,264.017
0.12,6.04545538006106,267.417
0.12,6.05785230189589,265.217
0.12,6.09504306740039,266.317
0.12,6.10743998923523,262.117
0.12,6.14463075473973,266.217
0.12,6.15702767657456,266.617
0.12,6.20661536391389,267.517
0.12,6.10743998923523,264.317
0.12,6.18182152024423,266.617
0.12,6.19421844207906,264.217
0.12,6.19421844207906,266.117
0.12,6.19421844207906,268.617
0.12,6.2438061294184,268.617
0.12,6.2438061294184,271.217
0.12,6.23140920758356,269.917
0.12,6.2809968949229,273.317
0.12,6.29339381675773,272.117
0.12,6.19421844207906,270.717
0.12,6.29339381675773,270.517
0.12,6.2438061294184,271.217
0.12,6.2438061294184,269.917
0.12,6.26859997308806,274.717
0.12,6.29339381675773,274.817
0.12,6.19421844207906,270.417
0.12,6.21901228574873,271.617
0.12,6.15702767657456,272.317
0.12,6.15702767657456,273.617
0.12,6.09504306740039,271.117
0.12,6.15702767657456,268.217
0.12,6.23140920758356,273.217
0.12,6.18182152024423,275.417
0.12,6.15702767657456,274.617
0.12,6.18182152024423,275.417
0.12,6.15702767657456,279.017
0.12,6.15702767657456,274.917
0.12,6.14463075473973,275.317
0.12,6.10743998923523,275.217
0.12,6.15702767657456,273.917
0.12,6.09504306740039,274.217
0.12,6.14463075473973,274.717
0.12,6.13223383290489,272.717
0.12,6.14463075473973,269.117
0.12,6.10743998923523,265.117
0.12,6.15702767657456,268.617
0.12,6.16942459840939,270.817
0.12,6.16942459840939,272.417
0.12,6.16942459840939,267.517
0.12,6.14463075473973,270.617
0.12,6.16942459840939,267.617
0.12,6.10743998923523,265.317
0.12,6.08264614556556,264.117
0.12,6.03305845822622,265.817
0.12,6.05785230189589,265.917
0.12,6.16942459840939,264.317
0.12,6.18182152024423,263.117
0.12,6.19421844207906,263.417
0.12,6.14463075473973,261.917
0.12,6.18182152024423,263.117
0.12,6.15702767657456,267.417
0.12,6.10743998923523,265.717
0.12,5.99586769272172,260.717
0.12,6.02066153639139,262.517
0.12,6.10743998923523,261.517
0.12,6.08264614556556,262.417
0.12,6.11983691107006,260.617
0.12,6.15702767657456,261.517
0.12,6.10743998923523,258.117
0.12,6.08264614556556,261.117
0.12,6.08264614556556,260.317
0.12,6.11983691107006,264.517
0.12,6.10743998923523,265.917
0.12,6.14463075473973,260.917
0.12,6.08264614556556,261.517
0.12,6.07024922373073,259.417
0.12,6.07024922373073,259.517
0.12,6.10743998923523,260.417
0.12,6.02066153639139,265.417
0.12,6.02066153639139,260.417
0.12,6.03305845822622,264.717
0.12,6.08264614556556,269.717
0.12,6.10743998923523,265.417
0.12,6.13223383290489,267.017
0.12,6.11983691107006,272.017
0.12,6.15702767657456,275.117
0.12,6.11983691107006,276.517
0.12,6.19421844207906,276.617
0.12,6.21901228574873,272.317
0.12,6.18182152024423,275.817
0.12,6.19421844207906,279.117
0.12,6.19421844207906,274.917
0.12,6.15702767657456,271.417
0.12,6.14463075473973,276.417
0.12,6.15702767657456,274.517
0.12,6.21901228574873,274.917
0.12,6.21901228574873,273.417
0.12,6.29339381675773,272.117
0.12,6.23140920758356,271.817
0.12,6.21901228574873,275.917
0.12,6.29339381675773,276.717
0.12,6.26859997308806,277.917
0.12,6.19421844207906,280.017
0.12,6.3181876604274,281.917
0.12,6.30579073859256,278.717
0.12,6.26859997308806,275.217
0.12,6.25620305125323,277.617
0.12,6.21901228574873,279.017
0.12,6.23140920758356,277.317
0.12,6.16942459840939,274.717
0.12,6.10743998923523,274.417
0.12,6.13223383290489,279.217
0.12,6.23140920758356,280.117
0.12,6.18182152024423,280.217
0.12,6.20661536391389,279.117
0.12,6.18182152024423,278.517
0.12,6.16942459840939,273.517
0.12,6.20661536391389,273.417
0.12,6.19421844207906,273.417
0.12,6.18182152024423,278.417
0.12,6.13223383290489,273.417
0.12,6.14463075473973,270.817
0.12,6.15702767657456,275.317
0.12,6.19421844207906,276.617
0.12,6.19421844207906,274.917
0.12,6.15702767657456,269.917
0.12,6.13223383290489,274.617
0.12,6.21901228574873,279.517
0.12,6.21901228574873,277.217
0.12,6.16942459840939,278.017
0.12,6.19421844207906,274.917
0.12,6.16942459840939,277.017
0.12,6.19421844207906,280.617
0.12,6.15702767657456,275.617
0.12,6.11983691107006,275.517
0.12,6.02066153639139,271.817
0.12,6.13223383290489,276.817
0.12,6.10743998923523,280.717
0.12,6.03305845822622,275.717
0.12,6.05785230189589,275.117
0.12,6.00826461455656,275.017
0.12,6.08264614556556,271.217
0.12,6.08264614556556,269.417
0.12,6.05785230189589,274.417
0.12,6.10743998923523,276.017
0.12,6.09504306740039,279.117
0.12,6.14463075473973,276.417
0.12,6.18182152024423,278.017
0.12,6.11983691107006,273.017
0.12,6.08264614556556,273.117
0.12,6.11983691107006,273.017
0.12,6.08264614556556,271.417
0.12,6.08264614556556,273.117
0.12,6.11983691107006,276.317
0.12,6.10743998923523,279.617
0.12,6.14463075473973,275.617
0.12,6.18182152024423,275.417
0.12,6.15702767657456,276.317
0.12,6.11983691107006,273.317
0.12,6.09504306740039,271.617
0.12,6.14463075473973,273.217
0.12,6.15702767657456,272.917
0.12,6.14463075473973,273.017
0.12,6.15702767657456,274.117
0.12,6.11983691107006,273.317
0.12,6.14463075473973,276.117
0.12,6.19421844207906,278.917
0.12,6.15702767657456,278.217
0.12,6.15702767657456,280.017
0.12,6.13223383290489,281.217
0.12,6.13223383290489,279.017
0.12,6.11983691107006,280.217
0.12,6.09504306740039,277.517
0.12,6.13223383290489,277.017
0.12,6.14463075473973,278.717
0.12,6.10743998923523,278.317
0.12,6.09504306740039,280.517
0.12,6.14463075473973,277.717
0.12,6.11983691107006,272.917
0.12,6.14463075473973,270.717
0.12,5.79751694336438,274.439666666667
0.12,5.87189847437339,275.639666666667
0.12,5.79751694336438,276.539666666667
0.12,5.83470770886888,276.339666666667
0.12,5.78512002152955,273.439666666667
0.12,5.82231078703405,273.839666666667
0.12,5.87189847437339,275.939666666667
0.12,5.84710463070372,278.239666666667
0.12,5.80991386519922,279.739666666667
0.12,5.77272309969472,282.239666666667
0.12,5.83470770886888,282.739666666667
0.12,5.78512002152955,282.739666666667
0.12,5.77272309969472,284.439666666667
0.12,5.76032617785988,280.739666666667
0.12,5.78512002152955,280.539666666667
0.12,5.79751694336438,277.839666666667
0.12,5.82231078703405,276.039666666667
0.12,5.83470770886888,275.439666666667
0.12,5.79751694336438,276.639666666667
0.12,5.73553233419022,277.239666666667
0.12,5.77272309969472,282.139666666667
0.12,5.79751694336438,282.439666666667
0.12,5.79751694336438,277.439666666667
0.12,5.78512002152955,275.539666666667
0.12,5.80991386519922,276.739666666667
0.12,5.83470770886888,278.239666666667
0.12,5.83470770886888,278.239666666667
0.12,5.78512002152955,278.339666666667
0.12,5.78512002152955,275.539666666667
0.12,5.77272309969472,274.539666666667
0.12,5.80991386519922,273.139666666667
0.12,5.80991386519922,278.139666666667
0.12,5.79751694336438,283.139666666667
0.12,5.79751694336438,281.039666666667
0.12,5.82231078703405,281.739666666667
0.12,5.78512002152955,281.139666666667
0.12,5.78512002152955,279.239666666667
0.12,5.77272309969472,281.639666666667
0.12,5.76032617785988,281.339666666667
0.12,5.72313541235538,280.939666666667
0.12,5.78512002152955,278.139666666667
0.12,5.77272309969472,278.839666666667
0.12,5.76032617785988,278.039666666667
0.12,5.77272309969472,283.039666666667
0.12,5.78512002152955,285.839666666667
0.12,5.76032617785988,285.239666666667
0.12,5.74792925602505,282.639666666667
0.12,5.74792925602505,282.639666666667
0.12,5.77272309969472,282.739666666667
0.12,5.77272309969472,283.039666666667
0.12,5.78512002152955,282.839666666667
0.12,5.80991386519922,282.339666666667
0.12,5.80991386519922,280.039666666667
0.12,5.76032617785988,279.639666666667
0.12,5.82231078703405,280.339666666667
0.12,5.83470770886888,283.539666666667
0.12,5.80991386519922,282.239666666667
0.12,5.82231078703405,282.139666666667
0.12,5.82231078703405,279.939666666667
0.12,5.83470770886888,280.639666666667
0.12,5.84710463070372,280.639666666667
0.12,5.85950155253855,284.539666666667
0.12,5.83470770886888,284.339666666667
0.12,5.79751694336438,283.639666666667
0.12,5.80991386519922,279.539666666667
0.12,5.80991386519922,282.639666666667
0.12,5.82231078703405,283.539666666667
0.12,5.82231078703405,283.939666666667
0.12,5.80991386519922,280.439666666667
0.12,5.80991386519922,281.839666666667
0.12,5.80991386519922,280.139666666667
0.12,5.79751694336438,285.139666666667
0.12,5.73553233419022,283.939666666667
0.12,5.74792925602505,279.839666666667
0.12,5.79751694336438,278.139666666667
0.12,5.80991386519922,278.339666666667
0.12,5.84710463070372,278.939666666667
0.12,5.82231078703405,280.139666666667
0.12,5.80991386519922,278.839666666667
0.12,5.80991386519922,279.139666666667
0.12,5.78512002152955,280.039666666667
0.12,5.76032617785988,283.639666666667
0.12,5.78512002152955,279.539666666667
0.12,5.79751694336438,280.139666666667
0.12,5.78512002152955,278.039666666667
0.12,5.83470770886888,279.739666666667
0.12,5.80991386519922,277.639666666667
0.12,5.78512002152955,279.439666666667
0.12,5.78512002152955,279.239666666667
0.12,5.80991386519922,278.239666666667
0.12,5.78512002152955,276.539666666667
0.12,5.82231078703405,274.439666666667
0.12,5.78512002152955,276.339666666667
0.12,5.78512002152955,275.839666666667
0.12,5.80991386519922,275.739666666667
0.12,5.79751694336438,275.339666666667
0.12,5.78512002152955,275.139666666667
0.12,5.78512002152955,272.739666666667
0.12,5.78512002152955,271.439666666667
0.12,5.79751694336438,270.339666666667
0.12,5.77272309969472,270.439666666667
0.12,5.76032617785988,274.639666666667
0.12,5.76032617785988,274.739666666667
0.12,5.79751694336438,272.739666666667
0.12,5.79751694336438,274.539666666667
0.12,5.78512002152955,271.839666666667
0.12,5.78512002152955,271.039666666667
0.12,5.83470770886888,269.339666666667
0.12,5.80991386519922,272.939666666667
0.12,5.80991386519922,273.039666666667
0.12,5.79751694336438,270.639666666667
0.12,5.84710463070372,270.939666666667
0.12,5.79751694336438,272.139666666667
0.12,5.82231078703405,272.239666666667
0.12,5.79751694336438,270.239666666667
0.12,5.79751694336438,268.739666666667
0.12,5.78512002152955,263.739666666667
0.12,5.82231078703405,264.439666666667
0.12,5.84710463070372,267.339666666667
0.12,5.82231078703405,268.539666666667
0.12,5.83470770886888,264.339666666667
0.12,5.79751694336438,263.739666666667
0.12,5.83470770886888,265.939666666667
0.12,5.84710463070372,270.639666666667
0.12,5.82231078703405,270.939666666667
0.12,5.80991386519922,265.939666666667
0.12,5.87189847437339,267.039666666667
0.12,5.83470770886888,267.739666666667
0.12,5.84710463070372,268.439666666667
0.12,5.85950155253855,270.439666666667
0.12,5.85950155253855,269.339666666667
0.12,5.84710463070372,270.239666666667
0.12,5.85950155253855,270.039666666667
0.12,5.83470770886888,271.339666666667
0.12,5.87189847437339,268.139666666667
0.12,5.87189847437339,269.739666666667
0.12,5.83470770886888,273.739666666667
0.12,5.85950155253855,271.939666666667
0.12,5.85950155253855,269.839666666667
0.12,5.83470770886888,269.239666666667
0.12,5.85950155253855,268.239666666667
0.12,5.88429539620822,269.239666666667
0.12,5.85950155253855,269.239666666667
0.12,5.83470770886888,268.339666666667
0.12,5.87189847437339,271.139666666667
0.12,5.87189847437339,272.239666666667
0.12,5.84710463070372,271.239666666667
0.12,5.85950155253855,271.339666666667
0.12,5.82231078703405,269.439666666667
0.12,5.83470770886888,267.039666666667
0.12,5.87189847437339,269.639666666667
0.12,5.85950155253855,270.339666666667
0.12,5.87189847437339,272.639666666667
0.12,5.85950155253855,271.539666666667
0.12,5.90908923987789,271.539666666667
0.12,5.90908923987789,273.139666666667
0.12,5.93388308354755,270.739666666667
0.12,5.90908923987789,269.439666666667
0.12,5.90908923987789,270.139666666667
0.12,5.89669231804305,268.739666666667
0.12,5.93388308354755,268.039666666667
0.12,5.88429539620822,271.739666666667
0.12,5.89669231804305,270.439666666667
0.12,5.88429539620822,272.439666666667
0.12,5.85950155253855,270.639666666667
0.12,5.89669231804305,274.139666666667
0.12,5.90908923987789,273.339666666667
0.12,5.90908923987789,270.039666666667
0.12,5.85950155253855,270.739666666667
0.12,5.94628000538239,272.939666666667
0.12,5.94628000538239,273.539666666667
0.12,5.92148616171272,271.239666666667
0.12,5.92148616171272,272.439666666667
0.12,5.89669231804305,270.639666666667
0.12,5.89669231804305,269.939666666667
0.12,5.93388308354755,270.039666666667
0.12,5.93388308354755,270.139666666667
0.12,5.90908923987789,267.839666666667
0.12,5.93388308354755,268.639666666667
0.12,5.93388308354755,272.739666666667
0.12,5.90908923987789,275.339666666667
0.12,5.88429539620822,270.339666666667
0.12,5.90908923987789,269.039666666667
0.12,5.92148616171272,274.039666666667
0.12,5.89669231804305,274.139666666667
0.12,5.90908923987789,272.139666666667
0.12,5.89669231804305,272.939666666667
0.12,5.89669231804305,268.539666666667
0.12,5.89669231804305,269.139666666667
0.12,5.93388308354755,268.639666666667
0.12,5.94628000538239,271.639666666667
0.12,5.92148616171272,271.639666666667
0.12,5.90908923987789,272.039666666667
0.12,5.92148616171272,272.039666666667
0.12,5.93388308354755,267.839666666667
0.12,5.88429539620822,271.539666666667
0.12,5.92148616171272,272.839666666667
0.12,5.94628000538239,270.639666666667
0.12,5.92148616171272,267.339666666667
0.12,5.92148616171272,264.939666666667
0.12,5.95867692721722,265.839666666667
0.12,5.89669231804305,265.639666666667
0.12,5.85950155253855,268.139666666667
0.12,5.93388308354755,269.739666666667
0.12,5.94628000538239,266.739666666667
0.12,5.95867692721722,270.439666666667
0.12,5.93388308354755,272.039666666667
0.12,5.93388308354755,267.039666666667
0.12,5.97107384905205,267.539666666667
0.12,5.93388308354755,267.739666666667
0.12,5.88429539620822,268.639666666667
0.12,5.90908923987789,272.339666666667
0.12,5.95867692721722,271.239666666667
0.12,5.94628000538239,271.039666666667
0.12,5.93388308354755,267.739666666667
0.12,5.94628000538239,269.339666666667
0.12,5.93388308354755,269.439666666667
0.12,5.92148616171272,269.439666666667
0.12,5.89669231804305,272.539666666667
0.12,5.92148616171272,274.539666666667
0.12,5.89669231804305,269.539666666667
0.12,5.93388308354755,272.239666666667
0.12,5.89669231804305,273.139666666667
0.12,5.90908923987789,272.039666666667
0.12,5.89669231804305,270.139666666667
0.12,5.90908923987789,269.639666666667
0.12,5.90908923987789,269.639666666667
0.12,5.92148616171272,269.539666666667
0.12,5.88429539620822,273.239666666667
0.12,5.89669231804305,270.139666666667
0.12,5.87189847437339,268.439666666667
0.12,5.87189847437339,267.739666666667
0.12,5.87189847437339,270.739666666667
0.12,5.85950155253855,270.739666666667
0.12,5.87189847437339,268.339666666667
0.12,5.87189847437339,268.839666666667
0.12,5.84710463070372,268.439666666667
0.12,5.84710463070372,270.139666666667
0.12,5.83470770886888,270.839666666667
0.12,5.85950155253855,271.539666666667
0.12,5.80991386519922,269.639666666667
0.12,5.78512002152955,270.739666666667
0.12,5.80991386519922,272.439666666667
0.12,5.84710463070372,270.339666666667
0.12,5.85950155253855,273.339666666667
0.12,5.84710463070372,274.639666666667
0.12,5.87189847437339,271.239666666667
0.12,5.85950155253855,269.539666666667
0.12,5.88429539620822,274.539666666667
0.12,5.87189847437339,275.539666666667
0.12,5.89669231804305,276.639666666667
0.12,5.88429539620822,275.639666666667
0.12,5.87189847437339,276.039666666667
0.12,5.85950155253855,271.439666666667
0.12,5.85950155253855,271.639666666667
0.12,5.82231078703405,273.339666666667
0.12,5.83470770886888,273.039666666667
0.12,5.83470770886888,269.739666666667
0.12,5.83470770886888,272.639666666667
0.12,5.84710463070372,277.639666666667
0.12,5.84710463070372,273.939666666667
0.12,5.82231078703405,271.139666666667
0.12,5.80991386519922,272.939666666667
0.12,5.82231078703405,277.939666666667
0.12,5.83470770886888,277.139666666667
0.12,5.79751694336438,276.339666666667
0.12,5.85950155253855,275.439666666667
0.12,5.84710463070372,274.439666666667
0.12,5.83470770886888,279.139666666667
0.12,5.82231078703405,274.239666666667
0.12,5.80991386519922,273.639666666667
0.12,5.83470770886888,274.339666666667
0.12,5.80991386519922,272.539666666667
0.12,5.76032617785988,274.739666666667
0.12,5.83470770886888,275.439666666667
0.12,5.79751694336438,275.639666666667
0.12,5.85950155253855,274.739666666667
0.12,5.80991386519922,274.239666666667
0.12,5.82231078703405,275.439666666667
0.12,5.79751694336438,274.339666666667
0.12,5.78512002152955,273.739666666667
0.12,5.79751694336438,271.039666666667
0.12,5.74792925602505,270.839666666667
0.12,5.78512002152955,275.839666666667
0.12,5.78512002152955,278.039666666667
0.12,5.77272309969472,276.439666666667
0.12,5.77272309969472,276.739666666667
0.12,5.80991386519922,274.839666666667
0.12,5.79751694336438,274.739666666667
0.12,5.77272309969472,273.039666666667
0.12,5.78512002152955,272.739666666667
0.12,5.77272309969472,272.139666666667
0.12,5.79751694336438,271.739666666667
0.12,5.77272309969472,274.139666666667
0.12,5.78512002152955,275.239666666667
0.12,5.78512002152955,275.339666666667
0.12,5.71073849052055,273.239666666667
0.12,5.76032617785988,273.839666666667
0.12,5.74792925602505,268.839666666667
0.12,5.79751694336438,265.739666666667
